{"cameraMode":{"drawMode":0,"name":"Shaded","section":"Shading Mode"},"sceneLighting":true,"audioPlay":false,"sceneViewState":{"showFog":true,"showMaterialUpdate":true,"showSkybox":true,"showFlares":true,"showImageEffects":true,"showParticleSystems":true},"in2DMode":false,"pivot":{"x":3.956251382827759,"y":1.3525550365447999,"z":-1.2261558771133423},"rotation":{"x":0.02546367049217224,"y":0.9737159013748169,"z":-0.17900769412517548,"w":0.13851012289524079},"size":1.795940637588501,"orthographic":false}